for_idea,name,type,url,location_or_channel,price_of_comparable_item,what_it_sells,positioning_line,rating,review_count,source_date,note_source
A,BizMedica – Medicina Muncii (Setrio),direct,https://setrio.ro/medicina-muncii/,"RO, software","nepublicat (BizMedica medicina de familie: 159–199 RON/lună, preț vechi: https://setrio.ro/en/family-medicine/)","soft MM: fișa de aptitudine, dosar medical, istoric profesional pe COR, import Excel al angajaților firmei-client",n/a (pagina nu a putut fi citită),n/a,n/a,"snippet, 2026",RSMM §1; RO §2
A,MedExam (DMV Consult),direct,https://dmvconsult.ro/medicina-muncii,"RO, web",nepublicat,"platformă pentru cabinete MM: dosare digitale, examinări, fișe, rapoarte, monitorizarea activității asistentelor",„fără hârtie” (afirmație vendor),n/a,n/a,"snippet, 2026",RSMM §1
A,Qmedical,direct,http://qmedical.ro/,"RO, web",nepublicat,"gestiunea firmelor-client sub contract MM, posturi pe risc, rapoarte complexe",n/a,n/a,n/a,"snippet, pagină veche",RSMM §1
A,Charisma Medical – modul Medicina Muncii,direct,https://www.charisma.ro/sisteme-software/charisma-nivel-2/charisma-software-medical/medical-clinica/medicina-muncii,"RO, ERP",nepublicat,"vizite, analize, rezultate, fișa de aptitudine, evoluția angajatului",n/a,n/a,n/a,"snippet, 2026",RSMM §1
A,MedSoft – modul MM,direct,https://www.med-soft.ro/,RO,ofertă la cerere (>20 utilizatori),soft de clinică cu modul MM opțional,n/a,n/a,n/a,"snippet, 2026",RSMM §1
A,MedLife Self-Service + MM Express,indirect (rețea),https://www.medlife.ro/self-service,"național; Oradea (Medicris, Ronald Reagan)",inclus în contractul MM/abonament,"portal angajator cu statusul examenelor MM în timp real, încărcare documente, fișa online în max. 24h",„fișa de aptitudine disponibilă în 24 de ore” (MM Express),n/a,n/a,2021–2026,"RSMM §1, §5"
A,Regina Maria – Centru de Medicina Muncii Oradea,indirect (rețea),https://www.reginamaria.ro/clinici/centru-de-medicina-muncii-oradea,Oradea,nepublicat,servicii MM cu programare online,n/a,n/a,n/a,2026,RSMM §5
A,"Urmărirea scadențelor ca serviciu (One Medicina Muncii, HARDMED, M Hospital)",indirect (serviciu),https://www.onemedicinamuncii.ro/,furnizori MM,inclus în prețul MM (80–110 lei/angajat/an la Medworks),"evidență digitală și urmărirea scadențelor examenelor periodice, ca trăsătură de serviciu",n/a,n/a,n/a,2026,RO §5
A,Excel + telefonul asistentei,substitut,,în cabinet,0 €,tabel cu firmele-client și scadențele,n/a,n/a,n/a,—,panel A (obiecția cea mai frecventă)
G,MediNote,indirect,https://medinote.ro/soft-medical,"RO, cloud","50 lei/utilizator activ/lună, tot inclus","programări, dosar, remindere SMS, e-Factura, modul CNAS",n/a,n/a,n/a,oct. 2026,RO §2; FUR §4
G,icMED (Syonic) + icMED.Mobile,indirect,https://icmed.ro/patient.html,"RO, web",nepublicat,"platformă web pentru clinici; aplicație pentru pacienți; SIUI, e-rețetă",„100% web” (vendor),n/a,n/a,2026,RSMM §1
G,Zarina CRM Medical,indirect,https://www.zarinacrm.ro/crm-cabinet-medical/functionalitati/,RO,2.990 € + TVA licență unică (licența CRM generală),"dosare, programări, facturare, automatizări, WhatsApp, SMS",n/a,n/a,n/a,2026,RSMM §1
G,VAstoma,indirect,https://vastoma.ro/,"RO, stomatologie",nepublicat,remindere WhatsApp + apeluri AI la 24h/2h,n/a,n/a,n/a,2026,EMG §L
G,DentAIM,indirect,https://dentaim.ro/,"RO, stomatologie",nepublicat,remindere WhatsApp,n/a,n/a,n/a,2026,EMG §L
G,AI Frontdesk (agent vocal),indirect,https://aifrontdesk.ro/servicii/agent-vocal,RO,nepublicat (agenți vocali RO ~299–499 €/lună),agent vocal AI pentru clinici,„60% mai puține neprezentări” (afirmație vendor),n/a,n/a,2026,"EMG §L, Q3"
G,Callio,indirect,https://start-up.ro/callio-agentul-vocal-ai-care-preia-telefonul-receptiei-din-clinicile-stomatologice,"Timișoara, stomatologie",139 / 189 / 299 €/lună,agent vocal AI la recepție,n/a,n/a,n/a,2025–2026,RO §2
G,receptie-clinica.ai,indirect,https://receptie-clinica.ai/,RO,1.200 € setup + 150 €/lună,"recepționist AI, integrări iStoma/icMED/iClinic",n/a,n/a,n/a,2025–2026,RO §2
G,Asistentul AI MedLife / Synevo Decoder / aplicația Regina Maria,"indirect (rețea, nu se vinde independenților)",https://synevo.hilio.com/,rețele,inclus / consultație,interpretarea rezultatelor la inițiativa pacientului,„ghidaj despre ce să faci cu rezultatul” (Synevo),n/a,n/a,2026,RSMM §2
G,e-SănătateaMea (CNAS),substitut (stat),https://medic24.ro/portalul-esanatateamea-ajunge-la-promulgare-programari-online-din-trimestrul-iv/,național,gratuit,portal pacient; programări obligatorii pentru furnizorii CNAS din T4 2026,n/a,n/a,n/a,2026,RO §4; RSMM §6
G,"Lighthouse 360 (SUA, ancoră de preț)",referință,https://www.softwarepundit.com/node/40,"SUA, stomatologie",329 $/lună + 299 $ setup,rechemare și remindere legate de PMS dentar,n/a,n/a,n/a,nedatat,B2B Q4
G,Asistenta cu telefonul / pacientul revine singur,substitut,,în clinică,0 €,"liste ad-hoc, apeluri când există timp",n/a,n/a,n/a,—,panel G
B,Excel + furnizorul MM care anunță scadențele,substitut,,angajator,0 €,tabel de scadențe; furnizorul MM vine la sediu și anunță,n/a,n/a,n/a,—,panel B; RO §5
B,MedLife Self-Service (pentru clienții MedLife),indirect,https://www.medlife.ro/self-service,național,inclus,status examene MM pentru angajator,n/a,n/a,n/a,2026,RSMM §1
B,Platforme HR/salarizare cu evidența fișelor,indirect (neverificat),,—,necunoscut,posibil modul de scadențe medicale; NU e documentat în note,n/a,n/a,n/a,—,nu e în note: de verificat
