loc_brut,loc_eligibil,cod,origine,oportunitate,U,P,C,RO,INT,T,D,R,CL,S,M,K,V,A,DF,PT,ST,scor,scor_egale,scor_fezabilitate-întâi,scor_strategic-întâi,flag,motiv_flag
1,1,A,O2 + RSMM §3,Scadențar MM + portal angajator + registrul recomandărilor (cabinete MM independente),3,3,3,4,2,5,4,4,4,4,4,5,5,3,3,4,4,73.4,75.3,77.0,73.0,W,P/D: plata cabinetelor și exportul din softul MM existent sunt neverificate
2,2,G,"nouă (FUR §2-3, RSMM §5)","Bucle deschise în clinici independente de boli cronice: control scadent, rezultat anormal fără programare, trimitere neînchisă",3,3,3,3,3,4,3,4,4,4,4,5,4,3,3,3,4,68.4,70.6,71.0,69.0,W,D: export din PMS fără API; consimțământ pentru SMS (Legea 506/2004)
3,3,B,variantă nouă (RSMM §3),"Scadențar MM vândut direct angajatorilor (HR), indiferent de furnizor",3,2,3,3,2,5,5,4,5,5,5,5,4,2,2,5,2,67.2,72.9,78.4,63.8,W,P: plata HR-ului nedovedită; substitut gratuit (Excel)
4,4,K,O7 (L4),Urmărirea pacienților de turism dentar (Oradea),3,3,2,3,4,4,3,4,4,4,4,5,4,3,3,3,2,64.6,68.2,69.6,63.0,W,volum: turismul dentar din Bihor necunoscut
5,5,H,O8,Rechemarea pentru pachetul CNAS de prevenție 40+/60+ (medici de familie),2,2,3,4,2,4,3,4,4,4,4,5,4,2,3,3,4,63.2,67.1,67.6,64.2,W,"P: cât plătește CNAS per serviciu de prevenție lipsește din note; dacă e ~0, devine fatal"
6,6,J,O4,Navigator după notificarea de la ceas (clinici de cardiologie),2,3,4,2,3,4,4,3,3,4,4,5,2,3,3,4,4,63.2,67.1,66.6,64.6,W,volum: penetrarea wearable-urilor în România necunoscută
7,7,Q,O15,"Componente EHDS (fațadă FHIR, IPS, jurnalizare) pentru vendori locali",2,3,3,3,4,2,5,3,5,3,2,4,3,2,4,3,4,63.2,64.7,64.4,65.8,W,timp: venit realist abia 2027-2028; reguli românești de aplicare lipsă
8,8,L,"nouă (EMG §L, FUR §3)","Remindere și reducerea absențelor, cu grup de control (clinici private, stomatologie)",3,3,1,3,3,4,3,4,5,4,4,5,4,3,2,3,2,62.8,65.9,69.4,60.0,,
9,9,R,O16,Jurnal de acces și cereri de acces la dosar (clinici private),2,2,3,3,3,4,3,4,5,4,4,5,4,2,3,3,2,60.0,65.9,67.4,58.8,,
10,10,D,O17 + CONS KQ3,Arhiva longitudinală de expunere profesională (+ structurarea PDF-urilor de audiometrie/spirometrie),2,2,3,2,3,3,3,3,3,3,3,4,4,2,4,4,5,59.8,62.4,58.8,64.4,W,piață: numărul lucrătorilor expuși din Bihor necunoscut
11,11,Z,O18,"Dispecerat de capacitate pentru campanii de invitații (endoscopie, imagistică), ca produs separat",2,2,3,2,3,4,3,5,4,4,4,5,3,2,3,3,3,59.2,64.7,66.2,59.6,W,volum: campaniile sunt rare; merge mai bine ca modul (în E sau G)
12,12,C,O9,Ziua de prevenție la locul de muncă (treapta 2 a lui A),2,3,3,3,2,4,3,4,2,2,3,4,2,3,4,3,4,58.8,60.0,58.6,60.6,W,P + parteneri: apetitul angajatorilor neverificat; laborator partener necesar
13,13,M,O10,Raport de finalizare a prevenției pentru abonamente corporate (clinici medii),2,2,2,2,2,4,3,4,4,4,4,5,4,2,3,4,3,58.8,63.5,65.0,58.8,W,P: cererea angajatorilor pentru analiză nu a fost găsită
14,14,F,O3,Inbox de urmărire a rezultatelor în afara intervalului (laboratoare independente),3,2,3,2,3,3,2,3,3,3,3,4,4,2,3,3,5,58.4,60.0,56.6,62.4,W,D: un singur laborator independent găsit în Bihor; LIS necunoscut
15,15,S,O21,PDF-uri vechi -> tabel de valori pentru medic (check-up),2,2,3,3,3,3,4,2,3,4,4,5,3,2,2,3,4,57.6,61.2,61.0,59.4,W,răspundere: erorile de extracție intră sub PLD din 9.12.2026
16,,E,O1 (+O18),"Navigator FIT pozitiv -> colonoscopie pentru ROCCAS 4 NV, cu dispecerat de capacitate",3,3,3,3,3,4,2,4,1,3,3,4,2,1,4,2,5,57.0,58.8,55.4,61.4,X,"C/D: un singur cumpărător, achiziții UE; date doar prin contract cu consorțiul"
17,16,AB,O22,Jurnal de evenimente și escaladare pentru cămine și îngrijire la domiciliu,2,1,3,2,2,5,4,4,4,4,4,5,4,2,2,4,2,57.0,63.5,66.8,55.4,W,"piață: căminele din Bihor neverificate; bugete mici, piață fragmentată"
18,17,N,O11,Meniu fix de prevenție bazată pe dovezi în bugetul de 400 EUR,2,3,2,3,2,4,4,3,2,3,3,4,3,2,4,2,3,56.8,57.6,59.0,57.4,W,parteneri: laborator + medic care semnează meniul; tratament fiscal de verificat
19,18,I,O5,Urmărirea biletelor de trimitere (medici de familie),2,2,3,3,2,4,2,4,4,4,4,5,3,2,2,2,3,55.4,60.0,61.4,55.0,W,P: nu știm dacă medicii de familie plătesc
20,,U,O25,"Predicția buclelor care nu se vor închide, ca PRIM produs",2,2,3,2,3,2,1,2,3,3,2,4,4,2,4,4,5,54.2,56.5,49.6,59.6,X,D: istoricul buclelor nu există încă; profilare cu date de sănătate = consimțământ explicit
21,19,W,O6,"Check-in administrativ după chirurgia de zi (oftalmologie, ortopedie)",2,2,3,2,3,3,3,2,3,3,3,4,3,2,3,3,3,52.0,55.3,53.6,53.6,W,R: la granița triajului; răspundere pentru semnale ratate (PLD din 9.12.2026)
22,,O,O12,Auditul „pauza” (dez-implementare) pentru asigurători,3,3,4,2,3,4,1,4,1,2,3,4,2,1,4,3,3,51.4,55.3,50.6,53.6,X,D: fără acces la datele de daune ale asigurătorilor și fără rețea în asigurări
23,,AC,O23,Predarea la pensionare: ultimul examen MM → medicul de familie,1,1,4,2,2,5,3,4,3,4,4,5,2,1,3,4,3,51.2,60.0,59.6,52.6,X,P: niciun plătitor identificat
24,,AA,O20,"Monitor local de performanță pentru AI marcat CE (imagistică, screening)",1,2,4,1,4,3,1,4,2,3,3,4,4,1,4,3,4,51.0,56.5,50.8,56.2,X,D/P: niciun utilizator român de AI marcat CE găsit; fără acces la radiologie; obligațiile Art. 26 abia din 2028
25,,Y,O13,"Platformă de operare pentru programe de prevenție a diabetului (tip DPP), plătite de angajatori",2,1,3,1,3,4,3,3,2,3,3,4,4,1,3,3,4,50.8,55.3,53.0,54.8,X,P: niciun program sau plătitor DPP găsit în România
26,20,AD,O26,Coordonator pentru părinții din România ai familiilor din diaspora (B2C),2,2,3,3,3,4,2,4,3,1,4,4,4,1,3,3,2,50.8,56.5,54.0,51.2,W,"P/S: B2C (consumatorii plătesc doar ca „membri captivi”); serviciu cu om, nu scalează solo"
27,,P,O14,Puntea e-SănătateaMea pentru furnizori mici cu contract CNAS,3,2,2,3,1,3,1,3,4,3,2,4,4,2,2,1,2,49.0,49.4,51.0,47.2,X,I: niciun API public pentru terți găsit
28,,T,O19 / MON §2,Atelier RPM pentru un program privat de hipertensiune (cu alerte),2,1,3,1,3,3,3,1,1,2,2,2,4,1,3,2,5,45.4,45.9,41.4,51.8,X,"V+P: alertele = MDSW IIa (32-110k EUR, 9-18 luni); nicio rambursare RPM în România"
29,,V,F4 fundături,Scor de risc individual în fluxul medicului (SCORE2/FINDRISC) sau model propriu,2,2,2,2,3,3,2,1,1,2,2,1,3,2,2,3,5,45.4,44.7,40.0,50.6,X,"V: MDSW clasa IIa, fără excepție CDS în UE; validare clinică inaccesibilă"
